Zip Code,2016 Old Median,COLUMN 1,COLUMN 2,COLUMN 3,COLUMN 4,COLUMN 5,COLUMN 6,COLUMN 7,COLUMN 8,COLUMN 9,COLUMN 10,COLUMN 11,COLUMN 12,COLUMN 13,COLUMN 14,COLUMN 15,COLUMN 16,COLUMN 17,COLUMN 18,COLUMN 19,COLUMN 20,COLUMN 21,COLUMN 22,COLUMN 23,COLUMN 24,COLUMN 25,COLUMN 26,COLUMN 27,COLUMN 28,COLUMN 29,COLUMN 30,COLUMN 31,COLUMN 32,COLUMN 33,COLUMN 34,COLUMN 35,COLUMN 36,COLUMN 37,COLUMN 38,COLUMN 39,COLUMN 40,COLUMN 41,COLUMN 42,COLUMN 43,COLUMN 44,COLUMN 45,COLUMN 46,COLUMN 47,COLUMN 48,COLUMN 49,COLUMN 50,COLUMN 51,COLUMN 52,COLUMN 53,COLUMN 54,COLUMN 55,COLUMN 56,COLUMN 57,COLUMN 58,COLUMN 59,COLUMN 60,COLUMN 61,COLUMN 62,COLUMN 63,COLUMN 64,COLUMN 65,COLUMN 66,COLUMN 67,COLUMN 68,COLUMN 69,COLUMN 70,COLUMN 71,COLUMN 72,COLUMN 73,COLUMN 74,COLUMN 75,COLUMN 76,COLUMN 77,COLUMN 78,COLUMN 79,COLUMN 80,COLUMN 81,COLUMN 82,COLUMN 83,COLUMN 84,COLUMN 85,COLUMN 86,COLUMN 87,COLUMN 88,COLUMN 89,COLUMN 90,COLUMN 91,COLUMN 92,COLUMN 93,COLUMN 94,COLUMN 95,COLUMN 96,COLUMN 97,COLUMN 98,COLUMN 99,COLUMN 100,COLUMN 101,COLUMN 102,COLUMN 103,COLUMN 104,COLUMN 105,COLUMN 106,COLUMN 107,COLUMN 108,COLUMN 109,COLUMN 110,COLUMN 111,COLUMN 112,COLUMN 113,COLUMN 114,COLUMN 115,COLUMN 116,COLUMN 117,COLUMN 118,COLUMN 119,COLUMN 120,COLUMN 121,COLUMN 122,COLUMN 123,COLUMN 124,COLUMN 125,COLUMN 126,COLUMN 127,COLUMN 128,COLUMN 129,COLUMN 130,COLUMN 131,COLUMN 132,COLUMN 133,COLUMN 134,COLUMN 135,COLUMN 136,COLUMN 137,COLUMN 138,COLUMN 139,COLUMN 140,COLUMN 141,COLUMN 142,COLUMN 143,COLUMN 144,COLUMN 145,COLUMN 146,COLUMN 147,COLUMN 148,COLUMN 149,COLUMN 150,COLUMN 151,COLUMN 152,COLUMN 153,COLUMN 154,COLUMN 155,COLUMN 156,COLUMN 157,COLUMN 158,COLUMN 159,COLUMN 160,COLUMN 161,COLUMN 162,COLUMN 163,COLUMN 164,COLUMN 165,COLUMN 166,COLUMN 167,COLUMN 168,COLUMN 169,COLUMN 170,COLUMN 171,COLUMN 172,COLUMN 173,COLUMN 174,COLUMN 175,COLUMN 176,COLUMN 177,COLUMN 178,COLUMN 179,COLUMN 180,COLUMN 181,COLUMN 182,COLUMN 183,COLUMN 184,COLUMN 185,COLUMN 186,COLUMN 187,COLUMN 188,COLUMN 189,COLUMN 190,COLUMN 191,COLUMN 192,COLUMN 193,COLUMN 194,COLUMN 195,COLUMN 196,COLUMN 197,COLUMN 198,COLUMN 199,COLUMN 200,COLUMN 201,COLUMN 202,COLUMN 203,COLUMN 204,COLUMN 205,COLUMN 206,COLUMN 207,COLUMN 208,COLUMN 209,COLUMN 210,COLUMN 211,COLUMN 212,COLUMN 213,COLUMN 214,COLUMN 215,COLUMN 216,COLUMN 217,COLUMN 218,COLUMN 219,COLUMN 220,COLUMN 221,COLUMN 222,COLUMN 223,COLUMN 224
10001,1637500,21038,14899,0.708,14899,0.708,13870,0.659,1029,0.049,0,0,6139,0.292,0.069,9903,5875,0.593,5875,0.593,5332,0.538,830,364,0.439,1562,509,0.326,13748,476,0.035,142,0.01,5878,0.428,5184,0.377,1173,0.085,895,0.065,27.3,13870,8783,0.633,1740,0.125,2826,0.204,72,0.005,449,0.032,13870,0,0,134,0.01,237,0.017,157,0.011,1115,0.08,360,0.026,794,0.057,3262,0.235,3559,0.257,1873,0.135,1614,0.116,498,0.036,267,0.019,13870,11879,0.856,698,0.05,1275,0.092,18,0.001,11967,1076,0.09,478,0.04,926,0.077,526,0.044,1087,0.091,1379,0.115,1068,0.089,1663,0.139,1053,0.088,2711,0.227,85168,162724,9761,0.816,172253,2241,0.187,17286,951,0.079,28619,553,0.046,6817,237,0.02,3781,915,0.076,3550,191,0.054,151,0.043,244,0.069,117,0.033,349,0.098,315,0.089,442,0.125,434,0.122,321,0.09,986,0.278,94286,188216,86347,8417,78438,151486,69355,100380,80795,23332,21859,0.937,18030,0.773,5718,0.245,1473,0.063,2584,0.110749186,6,0.000257158,17977,0.770486885,14083,0.603591634,13078,0.560517744,12269,0.938,11638,0.89,762,0.058,809,0.062,1005,0.04307389,602,0.599,357,0.355,292,0.291,403,0.401,3894,0.166895251,3639,0.935,2797,0.718,1041,0.267,255,0.065,0.12,0.216,0,0.067,0.156,0,0.252,0.493,0,0.175,0.397,0.397,0,0.493,0.148,0.152,0.127,0.179,0.172
10002,1130000,68324,38156,0.558,38110,0.558,34748,0.509,3362,0.049,46,0.001,30168,0.442,0.088,35538,17783,0.5,17737,0.499,16620,0.468,3546,2367,0.668,6772,4519,0.667,34008,1942,0.057,1064,0.031,18582,0.546,8673,0.255,2139,0.063,1608,0.047,32.6,34748,15481,0.446,8280,0.238,7471,0.215,913,0.026,2603,0.075,34748,24,0.001,855,0.025,1437,0.041,882,0.025,2821,0.081,1448,0.042,1501,0.043,3687,0.106,6727,0.194,7360,0.212,5903,0.17,1321,0.038,782,0.023,34748,29014,0.835,3035,0.087,2469,0.071,230,0.007,33327,5111,0.153,4003,0.12,4503,0.135,2891,0.087,3534,0.106,4383,0.132,2519,0.076,3089,0.093,1200,0.036,2094,0.063,35594,64196,22292,0.669,81504,10530,0.316,12187,4172,0.125,16457,4787,0.144,7636,2066,0.062,3890,10319,0.31,16629,1548,0.093,1789,0.108,2683,0.161,1857,0.112,2406,0.145,2322,0.14,1232,0.074,1357,0.082,562,0.034,873,0.052,37786,63273,29666,16698,29945,63625,32844,51289,46638,77778,71629,0.921,34369,0.442,41698,0.536,6149,0.079,11113,0.14288102,140,0.001799995,52548,0.675615213,36867,0.474002931,33587,0.431831623,30174,0.898,22477,0.669,8412,0.25,3413,0.102,3280,0.042171308,2555,0.779,818,0.249,1868,0.57,725,0.221,15681,0.201612281,13845,0.883,4442,0.283,10303,0.657,1836,0.117,0.258,0.338,0.269,0.228,0.225,0.203,0.326,0.464,0.398,0.278,0.369,0.368,0.345,0.376,0.263,0.246,0.33,0.269,0.299
10003,1825000,53455,35932,0.672,35925,0.672,33932,0.635,1993,0.037,7,0,17523,0.328,0.055,27944,17652,0.632,17645,0.631,16571,0.593,2005,1397,0.697,1428,886,0.62,33590,1347,0.04,534,0.016,18064,0.538,8534,0.254,2480,0.074,2631,0.078,25.7,33932,23989,0.707,2918,0.086,6325,0.186,265,0.008,435,0.013,33932,32,0.001,380,0.011,889,0.026,738,0.022,2519,0.074,276,0.008,3268,0.096,6927,0.204,7976,0.235,6146,0.181,3285,0.097,1075,0.032,421,0.012,33932,28880,0.851,1826,0.054,3162,0.093,64,0.002,27258,1762,0.065,557,0.02,1772,0.065,1478,0.054,1974,0.072,3131,0.115,2798,0.103,4077,0.15,2912,0.107,6797,0.249,100791,171737,23004,0.844,173932,4724,0.173,19419,2159,0.079,35160,560,0.021,9121,177,0.006,5216,812,0.03,7832,148,0.019,50,0.006,285,0.036,377,0.048,503,0.064,461,0.059,663,0.085,1162,0.148,887,0.113,3296,0.421,165417,279259,85199,19426,85202,127875,66660,106031,81565,56613,53737,0.949,48332,0.854,9262,0.164,2876,0.051,3710,0.065532652,64,0.001130482,46767,0.826082349,34211,0.604295833,32299,0.570522671,30560,0.946,29267,0.906,1350,0.042,1739,0.054,1912,0.033773162,1538,0.804,1223,0.64,365,0.191,374,0.196,12556,0.221786515,11865,0.945,10896,0.868,1148,0.091,691,0.055,0.029,0.039,0.007,0.02,0.007,0,0.09,0.145,0.054,0.099,0.047,0.047,0.023,0.072,0.103,0.097,0.138,0.03,0.149
10004,1167500,2610,2220,0.851,2220,0.851,2075,0.795,145,0.056,0,0,390,0.149,0.065,1461,1207,0.826,1207,0.826,1118,0.765,85,63,0.741,345,253,0.733,2050,138,0.067,11,0.005,1272,0.62,427,0.208,47,0.023,155,0.076,23.7,2075,1549,0.747,26,0.013,481,0.232,5,0.002,14,0.007,2075,0,0,32,0.015,59,0.028,95,0.046,197,0.095,21,0.01,121,0.058,621,0.299,533,0.257,245,0.118,46,0.022,56,0.027,49,0.024,2075,1909,0.92,110,0.053,56,0.027,0,0,1592,29,0.018,5,0.003,26,0.016,35,0.022,140,0.088,146,0.092,221,0.139,342,0.215,167,0.105,481,0.302,123056,173800,1428,0.897,180951,105,0.066,27653,77,0.048,16253,19,0.012,0,0,0,0,0,0,559,4,0.007,0,0,0,0,23,0.041,32,0.057,19,0.034,0,0,88,0.157,66,0.118,327,0.585,226130,267742,95707,1033,99013,122163,99853,104041,104107,3044,2854,0.938,2787,0.916,167,0.055,190,0.062,471,0.154730618,0,0,2409,0.791392904,2159,0.709264126,2014,0.661629435,1948,0.967,1948,0.967,3,0.001,66,0.033,145,0.047634691,44,0.303,40,0.276,8,0.055,101,0.697,250,0.082128778,227,0.908,223,0.892,4,0.016,23,0.092,0.007,0.016,0,0,0,0,0.118,0.174,0,0.048,0.096,0.009,0,0.012,0.04,0.041,0.018,0.005,0.096
10005,1385000,7896,6993,0.886,6988,0.885,6745,0.854,243,0.031,5,0.001,903,0.114,0.035,4273,3720,0.871,3720,0.871,3528,0.826,467,454,0.972,347,282,0.813,6695,81,0.012,5,0.001,4253,0.635,2101,0.314,39,0.006,216,0.032,23.3,6745,4945,0.733,171,0.025,1566,0.232,39,0.006,24,0.004,6745,0,0,57,0.008,173,0.026,71,0.011,288,0.043,50,0.007,624,0.093,1917,0.284,2141,0.317,840,0.125,317,0.047,195,0.029,72,0.011,6745,6285,0.932,328,0.049,132,0.02,0,0,4295,358,0.083,61,0.014,160,0.037,28,0.007,93,0.022,410,0.095,391,0.091,917,0.214,522,0.122,1355,0.315,130116,193229,3950,0.92,206542,103,0.024,31379,46,0.011,0,17,0.004,0,5,0.001,0,0,0,1416,3,0.002,0,0,29,0.02,13,0.009,3,0.002,59,0.042,125,0.088,307,0.217,102,0.072,775,0.547,212569,294607,99511,2879,108519,138087,81189,128340,77112,8705,8202,0.942,8010,0.92,430,0.049,503,0.058,814,0.093509477,34,0.003905801,7748,0.890063182,6988,0.802757036,6745,0.774842045,6430,0.953,6318,0.937,178,0.026,315,0.047,243,0.027914991,176,0.724,145,0.597,31,0.128,67,0.276,760,0.087306146,673,0.886,624,0.821,49,0.064,87,0.114,0.002,0,0,0,0,0,0,0,0,0.121,0,0,0,0,0.133,0.136,0,0.003,0.207
10006,755000,2842,2509,0.883,2509,0.883,2451,0.862,58,0.02,0,0,333,0.117,0.023,1591,1327,0.834,1327,0.834,1269,0.798,321,147,0.458,114,88,0.772,2451,47,0.019,74,0.03,1234,0.503,900,0.367,38,0.016,158,0.064,25.2,2451,1890,0.771,146,0.06,398,0.162,17,0.007,0,0,2451,0,0,17,0.007,14,0.006,58,0.024,101,0.041,42,0.017,90,0.037,803,0.328,669,0.273,344,0.14,175,0.071,63,0.026,75,0.031,2451,2143,0.874,137,0.056,171,0.07,0,0,1776,107,0.06,62,0.035,0,0,12,0.007,20,0.011,290,0.163,119,0.067,494,0.278,136,0.077,536,0.302,125364,174312,1719,0.968,177311,0,0,0,0,0,0,0,0,0,29,0.016,0,0,0,488,14,0.029,0,0,0,0,0,0,0,0,37,0.076,0,0,218,0.447,26,0.053,193,0.395,137500,215682,100788,1288,110729,157296,89849,115200,80517,3277,3117,0.951,3083,0.941,44,0.013,160,0.049,435,0.132743363,0,0,2842,0.867256637,2509,0.765639304,2451,0.747940189,2346,0.957,2325,0.949,31,0.013,105,0.043,58,0.017699115,29,0.5,29,0.5,0,0,29,0.5,333,0.101617333,307,0.922,294,0.883,13,0.039,26,0.078,0.029,0,0,0.034,0,0,0,0,0,0.067,0,0,0,0,0.078,0.078,0,0.019,0.103
10007,3718172,5607,3786,0.675,3786,0.675,3738,0.667,48,0.009,0,0,1821,0.325,0.013,2361,1669,0.707,1669,0.707,1623,0.687,425,236,0.555,820,663,0.809,3708,306,0.083,15,0.004,1935,0.522,865,0.233,369,0.1,218,0.059,25.3,3738,3045,0.815,57,0.015,580,0.155,46,0.012,10,0.003,3738,0,0,110,0.029,102,0.027,124,0.033,113,0.03,0,0,140,0.037,1472,0.394,927,0.248,515,0.138,153,0.041,65,0.017,17,0.005,3738,3289,0.88,122,0.033,327,0.087,0,0,2743,85,0.031,53,0.019,0,0,45,0.016,132,0.048,94,0.034,154,0.056,308,0.112,257,0.094,1615,0.589,234958,392959,2573,0.938,386196,218,0.079,20268,161,0.059,72511,29,0.011,0,0,0,0,83,0.03,1351,34,0.025,0,0,0,0,21,0.016,42,0.031,16,0.012,29,0.021,109,0.081,51,0.038,1049,0.776,0,511515,166343,1392,157841,277458,137376,0,151140,6009,5936,0.988,5642,0.939,469,0.078,73,0.012,1245,0.207189216,0,0,4451,0.74072225,3720,0.619071393,3672,0.611083375,3672,1,3573,0.973,99,0.027,0,0,48,0.007988018,36,0.75,34,0.708,2,0.042,12,0.25,731,0.121650857,670,0.917,632,0.865,47,0.064,61,0.083,0.025,0.025,0,0.014,0,0,0.213,0.309,0,0.034,0.01,0.01,0,0.014,0.04,0.037,0.083,0.016,0.075
10009,950000,54264,36298,0.669,36258,0.668,34277,0.632,1981,0.037,40,0.001,17966,0.331,0.055,30203,19505,0.646,19505,0.646,18666,0.618,1675,1147,0.685,4234,2614,0.617,33661,1665,0.049,546,0.016,19766,0.587,7144,0.212,2769,0.082,1771,0.053,32.1,34277,20355,0.594,5160,0.151,7002,0.204,735,0.021,1025,0.03,34277,0,0,539,0.016,1173,0.034,676,0.02,2535,0.074,917,0.027,2590,0.076,3610,0.105,8411,0.245,6970,0.203,4246,0.124,1384,0.04,1226,0.036,34277,27456,0.801,4036,0.118,2694,0.079,91,0.003,30062,3848,0.128,2363,0.079,2712,0.09,1948,0.065,2457,0.082,3527,0.117,3396,0.113,4721,0.157,2220,0.074,2870,0.095,60788,85897,22658,0.754,99898,6729,0.224,14813,3388,0.113,19879,2231,0.074,8781,1249,0.042,4001,4844,0.161,10626,837,0.079,716,0.067,1121,0.105,991,0.093,1108,0.104,1254,0.118,994,0.094,1500,0.141,779,0.073,1326,0.125,58931,97878,46499,19436,61452,78778,52330,72906,62679,59642,54558,0.915,38959,0.653,19525,0.327,5084,0.085,6339,0.106284162,286,0.004795278,45032,0.755038396,34664,0.581201167,32784,0.549679756,29708,0.906,27401,0.836,2609,0.08,3076,0.094,1880,0.031521411,1451,0.772,709,0.377,851,0.453,429,0.228,10368,0.173837229,9104,0.878,4163,0.402,5349,0.516,1264,0.122,0.184,0.298,0.117,0.094,0.105,0,0.311,0.509,0.438,0.226,0.349,0.347,0.26,0.375,0.211,0.2,0.275,0.217,0.235
10010,2475000,29953,21227,0.709,21159,0.706,20291,0.677,868,0.029,68,0.002,8726,0.291,0.041,14748,10141,0.688,10141,0.688,9667,0.655,1380,968,0.701,1351,1133,0.839,20080,802,0.04,189,0.009,11136,0.555,4939,0.246,1491,0.074,1523,0.076,25.5,20291,14517,0.715,1574,0.078,3671,0.181,249,0.012,280,0.014,20291,0,0,212,0.01,477,0.024,329,0.016,840,0.041,316,0.016,2010,0.099,4542,0.224,4314,0.213,4218,0.208,1308,0.064,998,0.049,727,0.036,20291,17407,0.858,1443,0.071,1441,0.071,0,0,16070,917,0.057,565,0.035,799,0.05,620,0.039,717,0.045,1881,0.117,1812,0.113,2749,0.171,1389,0.086,4621,0.288,110142,163333,13529,0.842,175004,2816,0.175,19161,1593,0.099,35653,538,0.033,9186,255,0.016,1196,695,0.043,5147,145,0.028,89,0.017,125,0.024,63,0.012,150,0.029,451,0.088,409,0.079,836,0.162,580,0.113,2299,0.447,170284,221654,83240,10923,88133,135531,81070,112538,93989,32756,31008,0.947,27648,0.844,5708,0.174,1748,0.053,2993,0.091372573,10,0.000305288,25714,0.785016486,20143,0.614940774,19339,0.590395653,18388,0.951,17873,0.924,702,0.036,951,0.049,804,0.024545122,555,0.69,430,0.535,125,0.155,249,0.31,5571,0.170075711,5141,0.923,4225,0.758,938,0.168,430,0.077,0.05,0.082,0.056,0.018,0.041,0.065,0.194,0.317,0,0.119,0.071,0.071,0.044,0.096,0.123,0.124,0.122,0.047,0.183
10011,3225000,45812,34933,0.763,34933,0.763,33421,0.73,1512,0.033,0,0,10879,0.237,0.043,22833,16325,0.715,16325,0.715,15457,0.677,2148,1668,0.777,2647,2148,0.811,32871,1611,0.049,291,0.009,18007,0.548,8146,0.248,2339,0.071,2477,0.075,25.2,33421,23592,0.706,2193,0.066,6956,0.208,291,0.009,389,0.012,33421,18,0.001,408,0.012,892,0.027,893,0.027,2611,0.078,459,0.014,3629,0.109,6186,0.185,7532,0.225,5617,0.168,2971,0.089,1208,0.036,997,0.03,33421,28064,0.84,2487,0.074,2870,0.086,0,0,28738,1735,0.06,943,0.033,1503,0.052,1419,0.049,2164,0.075,2565,0.089,2159,0.075,5134,0.179,2927,0.102,8189,0.285,114134,194277,24111,0.839,202417,5527,0.192,19866,2774,0.097,31126,717,0.025,7557,486,0.017,3180,1836,0.064,8706,294,0.034,113,0.013,136,0.016,308,0.035,331,0.038,539,0.062,625,0.072,1117,0.128,1128,0.13,4115,0.473,192234,317332,113379,20032,94554,136860,84217,120332,91719,50102,47787,0.954,41547,0.829,10908,0.218,2315,0.046,4894,0.097680731,165,0.003293282,37675,0.751965989,32544,0.649554908,31220,0.623128817,29819,0.955,28795,0.922,1428,0.046,1401,0.045,1324,0.026426091,954,0.721,735,0.555,219,0.165,370,0.279,5131,0.102411081,4860,0.947,3581,0.698,1590,0.31,271,0.053,0.053,0.1,0.065,0.02,0.036,0,0.235,0.3,0.285,0.097,0.109,0.109,0.117,0.104,0.096,0.095,0.101,0.057,0.133
10012,2890000,22517,16140,0.717,16140,0.717,15522,0.689,618,0.027,0,0,6377,0.283,0.038,11023,7337,0.666,7337,0.666,7185,0.652,886,568,0.641,1213,720,0.594,15352,644,0.042,225,0.015,7976,0.52,4653,0.303,926,0.06,928,0.06,23.9,15522,11421,0.736,782,0.05,2858,0.184,139,0.009,322,0.021,15522,29,0.002,251,0.016,480,0.031,333,0.021,1215,0.078,192,0.012,834,0.054,3041,0.196,3663,0.236,3649,0.235,1251,0.081,420,0.027,164,0.011,15522,13545,0.873,658,0.042,1307,0.084,12,0.001,12240,1014,0.083,199,0.016,552,0.045,570,0.047,977,0.08,1526,0.125,1049,0.086,2147,0.175,1565,0.128,2641,0.216,101815,149310,10512,0.859,154658,2109,0.172,17756,984,0.08,30245,281,0.023,7810,86,0.007,6790,697,0.057,3916,119,0.03,56,0.014,164,0.042,140,0.036,192,0.049,465,0.119,253,0.065,594,0.152,598,0.153,1335,0.341,149094,215876,79481,8324,84530,116283,75176,101089,82421,24536,23207,0.946,20749,0.846,4020,0.164,1329,0.054,2146,0.087463319,33,0.001344963,19355,0.788840887,15214,0.620068471,14630,0.59626671,13826,0.945,13549,0.926,288,0.02,804,0.055,584,0.023801761,467,0.8,298,0.51,204,0.349,117,0.2,4141,0.168772416,3766,0.909,3162,0.764,694,0.168,375,0.091,0.045,0.049,0,0.03,0.036,0,0.149,0.176,0,0.104,0.045,0.042,0,0.065,0.11,0.11,0.111,0.042,0.158
10013,4241547,24073,16181,0.672,16181,0.672,15469,0.643,712,0.03,0,0,7892,0.328,0.044,12179,7738,0.635,7738,0.635,7345,0.603,1963,1285,0.655,2382,1373,0.576,15164,688,0.045,204,0.013,7407,0.488,4556,0.3,979,0.065,1330,0.088,26.8,15469,9706,0.627,1283,0.083,3660,0.237,283,0.018,537,0.035,15469,21,0.001,142,0.009,521,0.034,495,0.032,1400,0.091,402,0.026,1220,0.079,3545,0.229,3524,0.228,2178,0.141,1470,0.095,428,0.028,123,0.008,15469,13307,0.86,634,0.041,1504,0.097,24,0.002,11934,793,0.066,564,0.047,1230,0.103,639,0.054,633,0.053,1041,0.087,900,0.075,1441,0.121,769,0.064,3924,0.329,104167,246993,10033,0.841,251977,2758,0.231,15421,833,0.07,29996,747,0.063,8623,231,0.019,4214,1599,0.134,5926,163,0.028,207,0.035,609,0.103,313,0.053,299,0.05,395,0.067,463,0.078,687,0.116,266,0.045,2524,0.426,128721,313106,108003,6008,76741,181347,62333,117327,80992,27490,25737,0.936,20497,0.746,6671,0.243,1753,0.064,4568,0.166169516,207,0.007530011,19130,0.695889414,15196,0.55278283,14530,0.528555838,13771,0.948,12603,0.867,1241,0.085,759,0.052,666,0.024226992,506,0.76,348,0.523,158,0.237,160,0.24,3934,0.143106584,3387,0.861,2550,0.648,908,0.231,547,0.139,0.085,0.101,0.029,0.078,0.065,0,0.127,0.278,0.253,0.106,0.105,0.085,0.032,0.119,0.107,0.086,0.204,0.081,0.159
10014,2902012,29076,23081,0.794,23073,0.794,21767,0.749,1306,0.045,8,0,5995,0.206,0.057,14027,10684,0.762,10684,0.762,9999,0.713,1065,660,0.62,1435,899,0.626,21640,1011,0.047,293,0.014,11057,0.511,4822,0.223,2043,0.094,2414,0.112,24.9,21767,15820,0.727,1311,0.06,4304,0.198,133,0.006,199,0.009,21767,12,0.001,100,0.005,456,0.021,412,0.019,1667,0.077,156,0.007,2232,0.103,4924,0.226,6466,0.297,2724,0.125,1975,0.091,304,0.014,339,0.016,21767,18731,0.861,744,0.034,2292,0.105,0,0,18671,658,0.035,405,0.022,740,0.04,1022,0.055,1185,0.063,2456,0.132,1942,0.104,2458,0.132,2215,0.119,5590,0.299,119026,189369,16133,0.864,194200,3054,0.164,20604,1757,0.094,27820,190,0.01,12132,100,0.005,1716,513,0.027,4489,56,0.012,79,0.018,110,0.025,91,0.02,132,0.029,423,0.094,285,0.063,496,0.11,653,0.145,2164,0.482,190865,298732,115888,14182,95100,154275,87742,131250,91319,31347,30300,0.967,27606,0.881,5272,0.168,1047,0.033,2544,0.081156091,20,0.00063802,24701,0.787986091,21614,0.689507768,20498,0.653906275,19894,0.971,19587,0.956,353,0.017,604,0.029,1116,0.035601493,957,0.858,736,0.659,221,0.198,159,0.142,3087,0.098478323,2823,0.914,2322,0.752,586,0.19,264,0.086,0.032,0.029,0,0.022,0.022,0,0.141,0.093,0,0.06,0.026,0.026,0.019,0.03,0.063,0.061,0.08,0.031,0.079
10016,1237500,46317,34422,0.743,34422,0.743,32969,0.712,1453,0.031,0,0,11895,0.257,0.042,25127,17556,0.699,17556,0.699,16905,0.673,2190,1374,0.627,2299,1977,0.86,32345,864,0.027,531,0.016,12636,0.391,14263,0.441,1716,0.053,2335,0.072,25.6,32969,23624,0.717,1532,0.046,7073,0.215,403,0.012,337,0.01,32969,16,0,229,0.007,1058,0.032,885,0.027,1662,0.05,413,0.013,2370,0.072,7993,0.242,8882,0.269,5378,0.163,2054,0.062,938,0.028,1091,0.033,32969,28901,0.877,1961,0.059,1953,0.059,154,0.005,28359,1702,0.06,965,0.034,1263,0.045,1205,0.042,2197,0.077,3643,0.128,2799,0.099,5065,0.179,3251,0.115,6269,0.221,102703,148391,23202,0.818,164469,5309,0.187,19572,2916,0.103,30038,785,0.028,9352,259,0.009,4666,1243,0.044,7688,236,0.031,292,0.038,123,0.016,209,0.027,392,0.051,446,0.058,409,0.053,1352,0.176,1191,0.155,3038,0.395,166016,227030,87451,20671,85822,118599,82154,103979,85060,50254,48240,0.96,43807,0.872,8563,0.17,2014,0.04,4574,0.09101763,57,0.001134238,38608,0.768257253,32373,0.644187527,31106,0.618975604,29898,0.961,29640,0.953,358,0.012,1208,0.039,1267,0.025211923,996,0.786,853,0.673,143,0.113,271,0.214,6235,0.124069726,5814,0.932,4852,0.778,1134,0.182,421,0.068,0.063,0.071,0.099,0.06,0.068,0.09,0.097,0.089,0.432,0.104,0.054,0.05,0.068,0.034,0.109,0.101,0.149,0.061,0.136
10017,940000,15411,12051,0.782,12051,0.782,11747,0.762,304,0.02,0,0,3360,0.218,0.025,8216,5782,0.704,5782,0.704,5624,0.685,731,567,0.776,327,65,0.199,11663,592,0.051,77,0.007,4189,0.359,5424,0.465,570,0.049,811,0.07,26.8,11747,8226,0.7,361,0.031,2621,0.223,223,0.019,316,0.027,11747,0,0,189,0.016,531,0.045,393,0.033,1281,0.109,159,0.014,860,0.073,2400,0.204,3110,0.265,1203,0.102,804,0.068,307,0.026,510,0.043,11747,10483,0.892,687,0.058,577,0.049,0,0,10134,470,0.046,149,0.015,614,0.061,329,0.032,583,0.058,1423,0.14,1131,0.112,1800,0.178,1244,0.123,2391,0.236,106795,163683,8451,0.834,171442,2047,0.202,22705,1129,0.111,29782,203,0.02,13155,65,0.006,6886,159,0.016,3025,72,0.024,11,0.004,137,0.045,28,0.009,37,0.012,162,0.054,153,0.051,595,0.197,401,0.133,1429,0.472,187356,258565,103346,7109,83385,122982,82413,103238,80272,16533,15727,0.951,14310,0.866,3700,0.224,806,0.049,1180,0.071372407,164,0.009919555,12351,0.747051352,10855,0.656565657,10585,0.640234682,10134,0.957,9915,0.937,383,0.036,451,0.043,270,0.016330974,270,1,245,0.907,65,0.241,0,0,1496,0.090485695,1305,0.872,1092,0.73,314,0.21,191,0.128,0.024,0.052,0,0.015,0.071,0,0.145,0.07,0,0.06,0.053,0.054,0,0.129,0.061,0.062,0.057,0.029,0.086
10018,1767500,9020,7207,0.799,7201,0.798,6952,0.771,249,0.028,6,0.001,1813,0.201,0.035,4435,3253,0.733,3247,0.732,3100,0.699,412,258,0.626,283,240,0.848,6887,209,0.03,40,0.006,3107,0.451,2857,0.415,338,0.049,336,0.049,26.9,6952,4534,0.652,970,0.14,1208,0.174,128,0.018,112,0.016,6952,10,0.001,238,0.034,226,0.033,130,0.019,506,0.073,49,0.007,472,0.068,1635,0.235,1779,0.256,915,0.132,593,0.085,249,0.036,150,0.022,6952,6122,0.881,290,0.042,540,0.078,0,0,4956,318,0.064,180,0.036,301,0.061,228,0.046,251,0.051,423,0.085,568,0.115,866,0.175,611,0.123,1210,0.244,105479,149153,4461,0.9,154060,297,0.06,12135,78,0.016,7924,113,0.023,6903,109,0.022,4250,262,0.053,1194,10,0.008,15,0.013,53,0.044,90,0.075,44,0.037,111,0.093,111,0.093,199,0.167,106,0.089,455,0.381,129583,187000,81964,3762,100913,137141,80747,100968,82139,9678,8993,0.929,8067,0.834,1102,0.114,685,0.071,701,0.072432321,0,0,8682,0.897086175,7063,0.729799545,6814,0.704071089,6276,0.921,5965,0.875,373,0.055,538,0.079,249,0.025728456,161,0.647,158,0.635,3,0.012,88,0.353,1619,0.167286629,1560,0.964,1341,0.828,261,0.161,59,0.036,0.053,0.107,0.055,0.011,0.035,0.067,0.268,0.296,0,0.154,0.137,0.137,0.113,0.169,0.156,0.156,0.156,0.078,0.193
10019,1575127,36912,27178,0.736,27178,0.736,25709,0.696,1469,0.04,0,0,9734,0.264,0.054,17853,12135,0.68,12135,0.68,11502,0.644,1293,680,0.526,1415,946,0.669,25441,1150,0.045,228,0.009,11534,0.453,9429,0.371,1239,0.049,1861,0.073,26.5,25709,17960,0.699,2055,0.08,5102,0.198,168,0.007,424,0.016,25709,32,0.001,172,0.007,1002,0.039,665,0.026,1627,0.063,325,0.013,1597,0.062,6025,0.234,5864,0.228,4319,0.168,2823,0.11,817,0.032,441,0.017,25709,22648,0.881,1156,0.045,1905,0.074,0,0,23465,1811,0.077,892,0.038,1480,0.063,1335,0.057,1510,0.064,2973,0.127,2425,0.103,3548,0.151,2206,0.094,5285,0.225,94477,146207,18773,0.8,157311,4505,0.192,19630,2121,0.09,31020,995,0.042,10110,643,0.027,2549,2032,0.087,6344,237,0.037,223,0.035,116,0.018,307,0.048,503,0.079,604,0.095,434,0.068,845,0.133,714,0.113,2361,0.372,139947,220701,90151,17121,80592,117835,74604,103051,82824,39439,37134,0.942,31011,0.786,9105,0.231,2305,0.058,2785,0.070615381,15,0.000380334,30572,0.775171784,25437,0.644970714,24139,0.612059129,23024,0.954,21923,0.908,1205,0.05,1115,0.046,1298,0.032911585,992,0.764,764,0.589,228,0.176,306,0.236,5135,0.13020107,4295,0.836,2942,0.573,1550,0.302,840,0.164,0.076,0.116,0,0.047,0.019,0,0.21,0.314,0,0.118,0.099,0.099,0.032,0.147,0.12,0.11,0.17,0.076,0.15
10021,1680000,38069,26763,0.703,26763,0.703,25986,0.683,777,0.02,0,0,11306,0.297,0.029,21718,13743,0.633,13743,0.633,13509,0.622,3880,1756,0.453,3579,1919,0.536,25530,2190,0.086,659,0.026,11275,0.442,7042,0.276,2665,0.104,1699,0.067,29.8,25986,18416,0.709,704,0.027,6410,0.247,229,0.009,227,0.009,25986,0,0,246,0.009,577,0.022,1083,0.042,2357,0.091,189,0.007,1321,0.051,6538,0.252,5127,0.197,5558,0.214,2151,0.083,336,0.013,503,0.019,25986,22606,0.87,1470,0.057,1866,0.072,44,0.002,24558,1444,0.059,749,0.03,1047,0.043,997,0.041,1658,0.068,2857,0.116,2250,0.092,2931,0.119,2508,0.102,8117,0.331,115681,211624,20064,0.817,203821,6672,0.272,21181,2505,0.102,49577,448,0.018,7862,222,0.009,5675,603,0.025,9893,187,0.019,73,0.007,156,0.016,69,0.007,375,0.038,508,0.051,551,0.056,915,0.092,1329,0.134,5730,0.579,232484,349424,116440,14665,74155,117095,84018,106734,91235,44881,43335,0.966,38473,0.857,9982,0.222,1546,0.034,7469,0.166417861,308,0.006862592,28360,0.631893229,23767,0.529555937,23143,0.515652503,22499,0.972,22220,0.96,453,0.02,644,0.028,624,0.013903434,472,0.756,409,0.655,86,0.138,152,0.244,4593,0.102337292,4151,0.904,3635,0.791,576,0.125,442,0.096,0.034,0.041,0,0.024,0.034,0,0.122,0.104,0,0.068,0.055,0.055,0.063,0.048,0.071,0.069,0.076,0.038,0.115
10022,2380000,27878,20081,0.72,20054,0.719,19366,0.695,688,0.025,27,0.001,7797,0.28,0.034,15759,10449,0.663,10449,0.663,10206,0.648,1445,1016,0.703,1095,847,0.774,18914,1556,0.082,352,0.019,7637,0.404,6643,0.351,905,0.048,1821,0.096,26.9,19366,14242,0.735,1040,0.054,3860,0.199,62,0.003,162,0.008,19366,0,0,84,0.004,294,0.015,546,0.028,1167,0.06,336,0.017,1255,0.065,5226,0.27,4906,0.253,3468,0.179,1206,0.062,547,0.028,331,0.017,19366,16647,0.86,949,0.049,1752,0.09,18,0.001,17619,841,0.048,345,0.02,780,0.044,467,0.027,1242,0.07,1922,0.109,1645,0.093,2753,0.156,1850,0.105,5774,0.328,123693,224771,13815,0.784,228626,5475,0.311,23184,2428,0.138,55796,217,0.012,13198,91,0.005,6168,160,0.009,6039,102,0.017,5,0.001,33,0.005,8,0.001,262,0.043,307,0.051,299,0.05,877,0.145,620,0.103,3526,0.584,243125,382576,133504,11580,90522,140987,94439,125866,93181,30235,29484,0.975,25651,0.848,8353,0.276,751,0.025,2591,0.085695386,0,0,19211,0.635389449,16731,0.553365305,16148,0.534083016,15696,0.972,15486,0.959,267,0.017,452,0.028,583,0.019282289,478,0.82,447,0.767,75,0.129,105,0.18,2480,0.082024144,2315,0.933,2099,0.846,266,0.107,165,0.067,0.018,0.014,0,0.015,0,0,0.034,0.121,0,0.049,0.009,0.009,0,0.018,0.053,0.057,0.043,0.014,0.085
10023,1950000,52510,36811,0.701,36811,0.701,35026,0.667,1785,0.034,0,0,15699,0.299,0.048,29288,19012,0.649,19012,0.649,17859,0.61,4545,2740,0.603,3521,2093,0.594,34092,1540,0.045,490,0.014,20946,0.614,5813,0.171,2347,0.069,2956,0.087,29.2,35026,26434,0.755,1584,0.045,6199,0.177,56,0.002,753,0.021,35026,77,0.002,318,0.009,946,0.027,748,0.021,2138,0.061,316,0.009,3205,0.092,7371,0.21,7973,0.228,7429,0.212,2870,0.082,838,0.024,797,0.023,35026,29130,0.832,2395,0.068,3431,0.098,70,0.002,33144,1869,0.056,834,0.025,1971,0.059,1408,0.042,1737,0.052,3507,0.106,3065,0.092,5255,0.159,4073,0.123,9425,0.284,115080,199343,26520,0.8,203547,8682,0.262,21650,4815,0.145,38701,717,0.022,9168,449,0.014,6013,1107,0.033,12150,356,0.029,76,0.006,584,0.048,165,0.014,250,0.021,620,0.051,699,0.058,1696,0.14,1598,0.132,6106,0.503,201076,326871,111473,20994,85261,124617,93017,141167,99355,60283,57909,0.961,51436,0.853,13996,0.232,2374,0.039,8092,0.134233532,103,0.001708608,40126,0.665627125,32637,0.541396414,31104,0.515966359,30052,0.966,29383,0.945,916,0.029,1052,0.034,1533,0.025430055,1147,0.748,910,0.594,237,0.155,386,0.252,7489,0.124230712,6946,0.927,6096,0.814,1162,0.155,543,0.073,0.045,0.052,0.004,0.025,0.019,0.004,0.18,0.291,0,0.075,0.049,0.049,0.017,0.08,0.079,0.077,0.087,0.045,0.114
10024,1435000,50106,35717,0.713,35717,0.713,34519,0.689,1198,0.024,0,0,14389,0.287,0.034,27520,18443,0.67,18443,0.67,17931,0.652,3143,2170,0.69,6022,3616,0.6,33793,1608,0.048,559,0.017,24331,0.72,2546,0.075,1841,0.054,2908,0.086,31.7,34519,25465,0.738,2398,0.069,5622,0.163,533,0.015,501,0.015,34519,0,0,610,0.018,1137,0.033,656,0.019,1275,0.037,360,0.01,2772,0.08,7276,0.211,8266,0.239,7766,0.225,2684,0.078,1129,0.033,588,0.017,34519,28423,0.823,2167,0.063,3873,0.112,56,0.002,28809,1514,0.053,925,0.032,1694,0.059,1194,0.041,1687,0.059,3346,0.116,2412,0.084,4212,0.146,2739,0.095,9086,0.315,118594,212125,23912,0.83,213362,6659,0.231,20868,3289,0.114,39481,1027,0.036,10957,306,0.011,4187,1347,0.047,12618,340,0.027,203,0.016,608,0.048,243,0.019,403,0.032,754,0.06,806,0.064,1718,0.136,1517,0.12,6026,0.478,187229,315911,106735,16191,76866,130522,71936,120302,86535,58084,54947,0.946,48506,0.835,13191,0.227,3137,0.054,9460,0.162867571,243,0.004183596,38414,0.661352524,32438,0.558467048,31265,0.538272158,29436,0.942,28695,0.918,1210,0.039,1829,0.058,1173,0.02019489,857,0.731,637,0.543,220,0.188,316,0.269,5976,0.102885476,5295,0.886,4206,0.704,1443,0.241,681,0.114,0.042,0.063,0.008,0.008,0.006,0.009,0.231,0.293,0,0.077,0.045,0.045,0.01,0.062,0.083,0.079,0.098,0.035,0.15
10025,992000,81449,52540,0.645,52520,0.645,48539,0.596,3981,0.049,20,0,28909,0.355,0.076,45320,27441,0.605,27441,0.605,25416,0.561,5193,3334,0.642,8909,6978,0.783,47089,3147,0.067,944,0.02,32342,0.687,5117,0.109,2018,0.043,3521,0.075,32.7,48539,33506,0.69,5594,0.115,7161,0.148,1064,0.022,1214,0.025,48539,76,0.002,681,0.014,932,0.019,696,0.014,2514,0.052,687,0.014,3548,0.073,5269,0.109,10465,0.216,15434,0.318,4533,0.093,2322,0.048,1382,0.028,48539,38321,0.789,4654,0.096,5477,0.113,87,0.002,42783,4351,0.102,2264,0.053,3141,0.073,2842,0.066,2576,0.06,5163,0.121,4389,0.103,5711,0.133,4134,0.097,8212,0.192,80025,136293,33182,0.776,148744,11714,0.274,18654,5906,0.138,32252,2434,0.057,10245,798,0.019,5683,5308,0.124,19395,1194,0.062,684,0.035,965,0.05,1204,0.062,893,0.046,1587,0.082,1416,0.073,2558,0.132,2497,0.129,6397,0.33,135425,197711,63711,23388,58540,84512,57228,101015,71840,93576,88446,0.945,71745,0.767,28437,0.304,5130,0.055,14566,0.155659571,204,0.002180046,63461,0.678176028,47436,0.506924853,44047,0.470708301,41381,0.939,38887,0.883,3495,0.079,2666,0.061,3389,0.036216551,2686,0.793,1523,0.449,1400,0.413,703,0.207,16025,0.171251176,14633,0.913,10938,0.683,5122,0.32,1392,0.087,0.113,0.115,0.134,0.065,0.055,0.058,0.287,0.269,0.266,0.161,0.131,0.131,0.137,0.128,0.166,0.173,0.139,0.126,0.224
10026,945000,31154,19991,0.642,19980,0.641,18393,0.59,1587,0.051,11,0,11163,0.358,0.079,16648,10246,0.615,10246,0.615,9379,0.563,3543,1810,0.511,3825,2671,0.698,18161,1003,0.055,135,0.007,14096,0.776,1223,0.067,400,0.022,1304,0.072,34.8,18393,9191,0.5,3639,0.198,3938,0.214,429,0.023,1196,0.065,18393,16,0.001,314,0.017,534,0.029,269,0.015,1561,0.085,783,0.043,978,0.053,1722,0.094,2751,0.15,5512,0.3,2296,0.125,979,0.053,678,0.037,18393,14747,0.802,2594,0.141,1045,0.057,7,0,14803,2117,0.143,1230,0.083,1210,0.082,1045,0.071,1483,0.1,2230,0.151,1385,0.094,1729,0.117,1035,0.07,1339,0.09,52082,88932,11493,0.776,104720,2690,0.182,14550,1281,0.087,16298,1411,0.095,8683,453,0.031,3836,2619,0.177,7320,942,0.129,396,0.054,483,0.066,535,0.073,922,0.126,1007,0.138,780,0.107,961,0.131,519,0.071,775,0.106,57521,100072,36542,7483,47578,75591,40966,57091,47665,38271,34839,0.91,21040,0.55,15437,0.403,3432,0.09,7906,0.206579394,146,0.003814899,26808,0.700478169,19451,0.50824384,17888,0.467403517,16102,0.9,14063,0.786,2363,0.132,1786,0.1,1563,0.040840323,1385,0.886,634,0.406,795,0.509,178,0.114,7357,0.192234329,6109,0.83,1871,0.254,4418,0.601,1248,0.17,0.239,0.327,0.241,0.084,0.126,0.134,0.398,0.518,0.407,0.288,0.393,0.391,0.442,0.359,0.261,0.251,0.337,0.277,0.314
10027,969000,53664,28735,0.535,28717,0.535,26969,0.503,1748,0.033,18,0,24929,0.465,0.061,29131,14631,0.502,14631,0.502,13785,0.473,3931,2260,0.575,7217,4671,0.647,26715,1986,0.074,299,0.011,18120,0.678,3814,0.143,579,0.022,1917,0.072,34,26969,13410,0.497,5574,0.207,5811,0.215,621,0.023,1553,0.058,26969,0,0,544,0.02,654,0.024,435,0.016,2735,0.101,918,0.034,1075,0.04,2508,0.093,3316,0.123,9585,0.355,2761,0.102,1697,0.063,741,0.027,26969,21527,0.798,3534,0.131,1888,0.07,20,0.001,22933,4428,0.193,1480,0.065,2137,0.093,1917,0.084,2586,0.113,2829,0.123,1961,0.086,2599,0.113,1315,0.057,1681,0.073,42754,73563,16562,0.722,87782,4865,0.212,14905,2150,0.094,25806,2196,0.096,9959,1096,0.048,3140,3331,0.145,11570,1469,0.127,597,0.052,1037,0.09,1085,0.094,1623,0.14,1348,0.117,1030,0.089,1359,0.117,763,0.066,1259,0.109,49825,89510,28396,11363,32847,55039,35652,53419,46771,63969,58495,0.914,37671,0.589,24456,0.382,5474,0.086,11704,0.182963623,341,0.005330707,46285,0.723553596,27417,0.428598227,25754,0.40260126,22808,0.886,18907,0.734,4253,0.165,2946,0.114,1663,0.025996967,1361,0.818,627,0.377,775,0.466,302,0.182,18868,0.294955369,17035,0.903,10102,0.535,7379,0.391,1833,0.097,0.231,0.314,0.197,0.06,0.056,0.004,0.39,0.476,0.438,0.302,0.383,0.381,0.401,0.373,0.281,0.289,0.23,0.26,0.385
10028,1600000,41842,30981,0.74,30981,0.74,29968,0.716,1013,0.024,0,0,10861,0.26,0.033,24001,16359,0.682,16359,0.682,15861,0.661,2463,1737,0.705,4380,2522,0.576,29550,2160,0.073,205,0.007,18308,0.62,4070,0.138,2301,0.078,2506,0.085,31.4,29968,21427,0.715,1512,0.05,6525,0.218,199,0.007,305,0.01,29968,14,0,306,0.01,914,0.03,693,0.023,1686,0.056,222,0.007,2451,0.082,6597,0.22,7861,0.262,5983,0.2,1628,0.054,1131,0.038,482,0.016,29968,26069,0.87,1279,0.043,2560,0.085,60,0.002,25837,916,0.035,904,0.035,1448,0.056,856,0.033,1441,0.056,2853,0.11,3068,0.119,4650,0.18,2451,0.095,7250,0.281,111302,199223,21491,0.832,199471,6658,0.258,20359,2578,0.1,46066,431,0.017,6429,293,0.011,3723,620,0.024,10458,186,0.018,41,0.004,280,0.027,264,0.025,357,0.034,275,0.026,756,0.072,1721,0.165,992,0.095,5586,0.534,209945,339241,108183,15379,81145,103855,79430,116563,83464,48193,45734,0.949,40676,0.844,10366,0.215,2459,0.051,6903,0.14323657,289,0.005996722,32387,0.672027058,27633,0.573382026,26753,0.555122113,25386,0.949,24905,0.931,697,0.026,1367,0.051,880,0.018259913,646,0.734,535,0.608,159,0.181,234,0.266,4754,0.098645031,4185,0.88,3553,0.747,787,0.166,569,0.12,0.029,0.038,0,0.016,0.004,0,0.169,0.311,0,0.059,0.044,0.045,0.042,0.045,0.061,0.061,0.062,0.029,0.101
10029,762061.5,65088,36807,0.565,36790,0.565,32573,0.5,4217,0.065,17,0,28281,0.435,0.115,36288,18727,0.516,18727,0.516,16465,0.454,4537,2702,0.596,10709,6716,0.627,32063,2080,0.065,256,0.008,22036,0.687,5504,0.172,878,0.027,1309,0.041,34.1,32573,13950,0.428,8081,0.248,7316,0.225,1068,0.033,2158,0.066,32573,45,0.001,907,0.028,851,0.026,466,0.014,3491,0.107,1119,0.034,1433,0.044,2962,0.091,3911,0.12,9642,0.296,4691,0.144,1950,0.06,1105,0.034,32573,27467,0.843,3349,0.103,1675,0.051,82,0.003,30640,5513,0.18,3443,0.112,4154,0.136,3099,0.101,3333,0.109,4045,0.132,2595,0.085,2222,0.073,752,0.025,1484,0.048,32500,63840,21301,0.695,75878,8175,0.267,12602,3022,0.099,13880,4888,0.16,8397,1946,0.064,2835,10135,0.331,16591,2277,0.137,1214,0.073,2276,0.137,2194,0.132,2377,0.143,2414,0.146,1370,0.083,1231,0.074,333,0.02,905,0.055,36914,72838,27030,14049,21661,51882,30248,45498,41819,78518,69947,0.891,36399,0.464,38527,0.491,8571,0.109,16364,0.20841081,646,0.008227413,52575,0.669591686,35790,0.455819048,31656,0.4031687,27186,0.859,21272,0.672,6581,0.208,4470,0.141,4134,0.052650348,3107,0.752,1029,0.249,2196,0.531,1027,0.248,16785,0.213772638,14428,0.86,5132,0.306,10100,0.602,2357,0.14,0.279,0.376,0.207,0.168,0.176,0.089,0.403,0.524,0.39,0.314,0.425,0.425,0.363,0.444,0.284,0.275,0.332,0.298,0.357
10030,771000,24879,16155,0.649,16155,0.649,13705,0.551,2450,0.098,0,0,8724,0.351,0.152,13025,8054,0.618,8054,0.618,6908,0.53,2464,1965,0.797,3202,2501,0.781,13285,1085,0.082,414,0.031,9495,0.715,1105,0.083,438,0.033,748,0.056,37.9,13705,4723,0.345,3969,0.29,3318,0.242,379,0.028,1316,0.096,13705,11,0.001,409,0.03,339,0.025,228,0.017,1627,0.119,1186,0.087,352,0.026,834,0.061,1937,0.141,3206,0.234,2304,0.168,734,0.054,538,0.039,13705,10288,0.751,2291,0.167,1126,0.082,0,0,11878,2034,0.171,1155,0.097,1672,0.141,1292,0.109,1157,0.097,1867,0.157,710,0.06,1214,0.102,296,0.025,481,0.04,33720,57119,8748,0.736,62835,2646,0.223,13277,1126,0.095,20170,1383,0.116,9545,862,0.073,4169,3726,0.314,5550,737,0.133,389,0.07,790,0.142,557,0.1,663,0.119,980,0.177,299,0.054,744,0.134,153,0.028,238,0.043,40888,61421,24542,6328,26971,51149,28266,41195,44046,30358,26527,0.874,12972,0.427,15135,0.499,3831,0.126,5949,0.195961526,310,0.010211476,21698,0.714737466,15838,0.521707622,13410,0.441728704,11219,0.837,8494,0.633,2999,0.224,2191,0.163,2428,0.079978918,2000,0.824,457,0.188,1600,0.659,428,0.176,5860,0.193029844,4958,0.846,1349,0.23,3961,0.676,902,0.154,0.284,0.328,0.406,0.118,0.174,0.156,0.411,0.427,0.6,0.308,0.327,0.326,0.362,0.306,0.304,0.298,0.35,0.287,0.353
10031,640000,52264,35824,0.685,35824,0.685,32344,0.619,3480,0.067,0,0,16440,0.315,0.097,26278,16596,0.632,16596,0.632,14866,0.566,3313,2285,0.69,5908,4199,0.711,31256,2113,0.068,552,0.018,24078,0.77,1864,0.06,902,0.029,1747,0.056,39.2,32344,11430,0.353,9615,0.297,7211,0.223,1809,0.056,2279,0.07,32344,28,0.001,1681,0.052,980,0.03,604,0.019,3272,0.101,1218,0.038,1169,0.036,1906,0.059,3565,0.11,8541,0.264,6829,0.211,1631,0.05,920,0.028,32344,26278,0.812,3283,0.102,2766,0.086,17,0.001,21881,3080,0.141,1514,0.069,2094,0.096,2807,0.128,2681,0.123,3857,0.176,2292,0.105,1945,0.089,938,0.043,673,0.031,41848,60308,17559,0.802,66339,5087,0.232,11955,2020,0.092,15494,2261,0.103,8072,816,0.037,3689,6391,0.292,11007,1049,0.095,624,0.057,1121,0.102,1722,0.156,1510,0.137,1914,0.174,796,0.072,1195,0.109,658,0.06,418,0.038,43893,67416,24556,10874,35862,50527,26244,36731,41008,60760,51225,0.843,27272,0.449,26613,0.438,9535,0.157,9935,0.163512179,351,0.005776827,44237,0.728061224,34684,0.570836076,31302,0.515174457,24785,0.792,18775,0.6,6286,0.201,6517,0.208,3382,0.055661619,2485,0.735,682,0.202,1803,0.533,897,0.265,9553,0.157225148,7874,0.824,2599,0.272,5756,0.603,1679,0.176,0.208,0.302,0.207,0.093,0.115,0.018,0.325,0.458,0.403,0.244,0.326,0.32,0.271,0.341,0.228,0.217,0.301,0.213,0.305
10032,503001,54119,34918,0.645,34918,0.645,30853,0.57,4065,0.075,0,0,19201,0.355,0.116,27063,16475,0.609,16475,0.609,14596,0.539,3227,2174,0.674,6005,4007,0.667,29907,2365,0.079,1202,0.04,19488,0.652,3995,0.134,1147,0.038,1710,0.057,36.9,30853,9361,0.303,9424,0.305,6646,0.215,1835,0.059,3587,0.116,30853,7,0,1235,0.04,995,0.032,550,0.018,3789,0.123,1896,0.061,982,0.032,1699,0.055,2472,0.08,8534,0.277,6024,0.195,2111,0.068,559,0.018,30853,25462,0.825,2927,0.095,2375,0.077,89,0.003,20140,2921,0.145,1636,0.081,2290,0.114,2261,0.112,2185,0.108,3833,0.19,2054,0.102,1954,0.097,648,0.032,358,0.018,40054,55460,15331,0.761,61758,6147,0.305,12250,2146,0.107,15077,3103,0.154,7747,1334,0.066,2778,7395,0.367,10769,942,0.087,726,0.067,1347,0.125,1196,0.111,1442,0.134,2198,0.204,1234,0.115,1140,0.106,341,0.032,203,0.019,44598,60915,20843,9371,30302,45021,23353,33824,34668,62983,53477,0.849,26737,0.425,30630,0.486,9506,0.151,10163,0.161361002,206,0.003270724,45554,0.723274534,33691,0.534922122,29762,0.472540209,23366,0.785,17013,0.572,7066,0.237,6396,0.215,3929,0.062381913,2736,0.696,900,0.229,1980,0.504,1193,0.304,11863,0.188352413,10269,0.866,3831,0.323,6997,0.59,1594,0.134,0.216,0.322,0.112,0.144,0.206,0.087,0.323,0.483,0.292,0.272,0.387,0.378,0.317,0.407,0.25,0.243,0.295,0.211,0.405
10033,691750.5,49881,32987,0.661,32987,0.661,28508,0.572,4479,0.09,0,0,16894,0.339,0.136,24902,15326,0.615,15326,0.615,13645,0.548,4252,3094,0.728,5799,4442,0.766,27580,2094,0.076,1410,0.051,18777,0.681,3242,0.118,628,0.023,1429,0.052,40.9,28508,10869,0.381,8251,0.289,5509,0.193,1242,0.044,2637,0.093,28508,0,0,862,0.03,1025,0.036,670,0.024,2698,0.095,901,0.032,1132,0.04,2860,0.1,2835,0.099,8284,0.291,4716,0.165,1997,0.07,528,0.019,28508,23709,0.832,2799,0.098,1983,0.07,17,0.001,19426,2126,0.109,1673,0.086,2443,0.126,1792,0.092,2131,0.11,3004,0.155,1894,0.097,2477,0.128,992,0.051,894,0.046,46349,66376,15219,0.783,72696,5177,0.266,13624,1784,0.092,18803,2239,0.115,7812,670,0.034,2917,6250,0.322,11790,637,0.054,957,0.081,1606,0.136,1204,0.102,1442,0.122,1859,0.158,1318,0.112,1376,0.117,726,0.062,665,0.056,50589,71551,24421,7636,33203,52458,26729,42180,40081,59339,52549,0.886,28355,0.478,27159,0.458,6790,0.114,10616,0.178904262,158,0.002662667,41192,0.694180893,31564,0.531926726,27469,0.462916463,23349,0.85,17710,0.645,6179,0.225,4120,0.15,4095,0.069010263,3064,0.748,981,0.24,2148,0.525,1031,0.252,9628,0.162254167,8288,0.861,3618,0.376,5025,0.522,1340,0.139,0.216,0.269,0.251,0.15,0.185,0.15,0.321,0.376,0.412,0.249,0.306,0.301,0.294,0.305,0.236,0.227,0.286,0.223,0.329
10034,320000,36303,24472,0.674,24422,0.673,21498,0.592,2924,0.081,50,0.001,11831,0.326,0.12,18934,11989,0.633,11989,0.633,10295,0.544,3129,2342,0.748,4772,3571,0.748,20671,2457,0.119,645,0.031,14039,0.679,1982,0.096,327,0.016,1221,0.059,42.9,21498,7326,0.341,6702,0.312,4494,0.209,837,0.039,2139,0.099,21498,0,0,452,0.021,793,0.037,487,0.023,2984,0.139,1011,0.047,656,0.031,1463,0.068,2612,0.121,5584,0.26,3350,0.156,1587,0.074,519,0.024,21498,17635,0.82,2630,0.122,1208,0.056,25,0.001,15841,1755,0.111,1196,0.076,2182,0.138,1553,0.098,1663,0.105,2366,0.149,2416,0.153,1678,0.106,519,0.033,513,0.032,45643,62248,12722,0.803,66980,4209,0.266,12971,1631,0.103,18295,1633,0.103,8305,547,0.035,2783,5384,0.34,8865,650,0.073,468,0.053,1594,0.18,1059,0.119,1045,0.118,1312,0.148,1108,0.125,1012,0.114,373,0.042,244,0.028,43724,63882,24538,6976,43315,55569,26313,41693,40291,43883,38267,0.872,20027,0.456,21724,0.495,5616,0.128,8733,0.199006449,274,0.006243876,29902,0.681402821,23427,0.533851378,20609,0.469635166,17126,0.831,12728,0.618,5093,0.247,3483,0.169,2818,0.064216211,1796,0.637,437,0.155,1455,0.516,1022,0.363,6475,0.147551444,5795,0.895,2066,0.319,4373,0.675,680,0.105,0.23,0.299,0.216,0.141,0.209,0.186,0.382,0.432,0.296,0.251,0.346,0.337,0.308,0.351,0.228,0.214,0.305,0.245,0.268
10035,885000,28410,14271,0.502,14271,0.502,12921,0.455,1350,0.048,0,0,14139,0.498,0.095,14379,6896,0.48,6896,0.48,6348,0.441,2224,979,0.44,3981,2109,0.53,12713,1179,0.093,227,0.018,9307,0.732,1278,0.101,280,0.022,442,0.035,35.2,12921,4372,0.338,3292,0.255,3702,0.287,530,0.041,1025,0.079,12921,10,0.001,391,0.03,264,0.02,104,0.008,2128,0.165,811,0.063,427,0.033,869,0.067,1460,0.113,3635,0.281,1901,0.147,502,0.039,419,0.032,12921,10543,0.816,1806,0.14,487,0.038,85,0.007,13480,2780,0.206,1815,0.135,1730,0.128,1362,0.101,1417,0.105,1817,0.135,961,0.071,846,0.063,471,0.035,281,0.021,26893,47836,8542,0.634,62883,3022,0.224,11967,1009,0.075,15008,2727,0.202,8868,950,0.07,2845,3701,0.275,6562,1068,0.163,480,0.073,1032,0.157,834,0.127,847,0.129,840,0.128,486,0.074,533,0.081,318,0.048,124,0.019,32960,51728,20743,6918,17943,41953,30435,37253,50648,33531,29229,0.872,12870,0.384,17772,0.53,4302,0.128,6563,0.195729325,246,0.007336495,23162,0.690763771,13935,0.415585578,12622,0.376427783,10176,0.806,7915,0.627,2517,0.199,2446,0.194,1313,0.039157794,954,0.727,228,0.174,750,0.571,359,0.273,9227,0.275178193,8038,0.871,1604,0.174,6657,0.721,1189,0.129,0.31,0.405,0.438,0.206,0.282,0.316,0.397,0.484,0.693,0.395,0.486,0.483,0.652,0.409,0.373,0.361,0.446,0.349,0.485
10036,1085000,24597,19932,0.81,19932,0.81,18641,0.758,1291,0.052,0,0,4665,0.19,0.065,10693,8449,0.79,8449,0.79,7831,0.732,770,642,0.834,609,390,0.64,18466,666,0.036,186,0.01,8174,0.443,6985,0.378,1368,0.074,1087,0.059,26.7,18641,12365,0.663,1864,0.1,3578,0.192,359,0.019,475,0.025,18641,0,0,501,0.027,923,0.05,338,0.018,1273,0.068,385,0.021,1556,0.083,3198,0.172,4791,0.257,2545,0.137,2143,0.115,712,0.038,276,0.015,18641,16390,0.879,864,0.046,1387,0.074,0,0,15568,1202,0.077,668,0.043,1145,0.074,1583,0.102,1265,0.081,1427,0.092,1529,0.098,2517,0.162,1413,0.091,2819,0.181,83812,121970,13137,0.844,134019,2342,0.15,14347,1079,0.069,20924,535,0.034,7656,481,0.031,3466,1466,0.094,3173,92,0.029,39,0.012,173,0.055,175,0.055,193,0.061,451,0.142,209,0.066,494,0.156,335,0.106,1012,0.319,133493,182774,77208,12395,74720,105782,65271,101758,70465,25987,24304,0.935,20125,0.774,6028,0.232,1683,0.065,1592,0.0612614,34,0.001308346,21853,0.84092046,19278,0.741832455,18109,0.696848424,17002,0.939,15754,0.87,1596,0.088,1107,0.061,1169,0.04498403,1001,0.856,790,0.676,299,0.256,168,0.144,2575,0.099088006,2230,0.866,1374,0.534,1010,0.392,345,0.134,0.044,0.101,0.123,0.015,0.026,0.055,0.179,0.234,0.331,0.124,0.118,0.105,0.107,0.103,0.125,0.125,0.122,0.045,0.161
10037,340000,15914,9806,0.616,9806,0.616,8539,0.537,1267,0.08,0,0,6108,0.384,0.129,9504,5759,0.606,5759,0.606,4942,0.52,1716,1178,0.686,2687,1531,0.57,8335,613,0.074,127,0.015,6136,0.736,918,0.11,145,0.017,396,0.048,37.6,8539,3878,0.454,1761,0.206,2330,0.273,191,0.022,379,0.044,8539,0,0,106,0.012,189,0.022,46,0.005,758,0.089,609,0.071,239,0.028,879,0.103,984,0.115,2683,0.314,875,0.102,486,0.057,685,0.08,8539,6170,0.723,2073,0.243,296,0.035,0,0,9317,1224,0.131,955,0.103,1300,0.14,866,0.093,1080,0.116,1748,0.188,998,0.107,657,0.071,299,0.032,190,0.02,39463,54929,6698,0.719,63087,2458,0.264,13866,1509,0.162,21946,678,0.073,8674,255,0.027,3023,2544,0.273,4060,472,0.116,321,0.079,653,0.161,592,0.146,502,0.124,685,0.169,301,0.074,283,0.07,86,0.021,165,0.041,34459,55735,26927,5257,41747,52077,35119,49094,50163,19885,18130,0.912,10342,0.52,9786,0.492,1755,0.088,4676,0.235152125,0,0,12621,0.634699522,9432,0.474327382,8197,0.412220267,6954,0.848,5904,0.72,1262,0.154,1243,0.152,1235,0.062107116,977,0.791,195,0.158,802,0.649,258,0.209,3189,0.16037214,2969,0.931,995,0.312,2166,0.679,220,0.069,0.27,0.414,0.299,0.071,0.106,0,0.361,0.548,0.403,0.293,0.522,0.522,0.483,0.541,0.222,0.216,0.254,0.323,0.231
10038,1052172.5,20150,13061,0.648,13061,0.648,12285,0.61,776,0.039,0,0,7089,0.352,0.059,10831,6344,0.586,6344,0.586,5931,0.548,937,572,0.61,1312,942,0.718,11940,521,0.044,62,0.005,6566,0.55,3533,0.296,480,0.04,778,0.065,26.1,12285,7905,0.643,1465,0.119,2333,0.19,154,0.013,428,0.035,12285,0,0,80,0.007,307,0.025,191,0.016,916,0.075,257,0.021,716,0.058,2313,0.188,3432,0.279,2163,0.176,1208,0.098,422,0.034,280,0.023,12285,10769,0.877,963,0.078,539,0.044,14,0.001,10048,1133,0.113,692,0.069,949,0.094,565,0.056,550,0.055,873,0.087,940,0.094,1476,0.147,1064,0.106,1806,0.18,82910,124754,7829,0.779,145626,2335,0.232,13846,872,0.087,23156,1038,0.103,7896,360,0.036,3818,1804,0.18,4423,252,0.057,279,0.063,463,0.105,378,0.085,288,0.065,434,0.098,476,0.108,574,0.13,417,0.094,862,0.195,81063,124578,59706,5625,82942,124107,61474,87932,68429,22285,21113,0.947,16009,0.718,6579,0.295,1172,0.053,2427,0.108907337,25,0.001121831,16718,0.750190711,12725,0.571011891,11970,0.5371326,11052,0.923,10365,0.866,843,0.07,918,0.077,755,0.033879291,730,0.967,422,0.559,329,0.436,25,0.033,3993,0.17917882,3819,0.956,2367,0.593,1608,0.403,174,0.044,0.164,0.155,0.016,0.137,0.088,0,0.23,0.332,0.368,0.18,0.153,0.153,0.065,0.2,0.183,0.151,0.34,0.162,0.206
10039,504250,21171,13549,0.64,13528,0.639,11189,0.529,2339,0.11,21,0.001,7622,0.36,0.173,12225,7258,0.594,7258,0.594,5845,0.478,2386,1750,0.733,4253,3338,0.785,10913,1031,0.094,253,0.023,8103,0.743,878,0.08,267,0.024,381,0.035,39.7,11189,3584,0.32,3334,0.298,3131,0.28,508,0.045,632,0.056,11189,0,0,334,0.03,211,0.019,65,0.006,1624,0.145,510,0.046,420,0.038,814,0.073,939,0.084,3503,0.313,1655,0.148,644,0.058,470,0.042,11189,8408,0.751,2147,0.192,634,0.057,0,0,10856,1811,0.167,1012,0.093,1422,0.131,1524,0.14,1564,0.144,1538,0.142,881,0.081,702,0.065,169,0.016,233,0.021,32257,51355,7926,0.73,52448,2700,0.249,12900,1206,0.111,41600,1475,0.136,8142,1025,0.094,3096,3666,0.338,5839,701,0.12,444,0.076,898,0.154,777,0.133,975,0.167,942,0.161,473,0.081,438,0.075,103,0.018,88,0.015,36508,48854,21880,5017,29904,52889,27193,38277,40737,27450,24344,0.887,13005,0.474,13357,0.487,3106,0.113,6978,0.25420765,272,0.009908925,17944,0.653697632,13138,0.478615665,10950,0.398907104,9090,0.83,6796,0.621,2413,0.22,1860,0.17,2188,0.079708561,1843,0.842,800,0.366,1164,0.532,345,0.158,4806,0.175081967,4177,0.869,1255,0.261,3284,0.683,629,0.131,0.269,0.359,0.404,0.077,0.115,0,0.371,0.466,0.618,0.306,0.402,0.401,0.449,0.378,0.274,0.275,0.261,0.277,0.384
10040,413500,38235,25170,0.658,25162,0.658,22608,0.591,2554,0.067,8,0,13065,0.342,0.102,20674,12349,0.597,12341,0.597,11148,0.539,2562,1771,0.691,4684,3501,0.747,21556,1572,0.073,733,0.034,14987,0.695,2361,0.11,367,0.017,1536,0.071,41.7,22608,7900,0.349,6190,0.274,5197,0.23,753,0.033,2568,0.114,22608,19,0.001,690,0.031,1118,0.049,358,0.016,2578,0.114,1034,0.046,1073,0.047,1335,0.059,2729,0.121,6204,0.274,3328,0.147,1716,0.076,426,0.019,22608,18524,0.819,2375,0.105,1709,0.076,0,0,16086,2042,0.127,720,0.045,2096,0.13,1487,0.092,2412,0.15,2931,0.182,1850,0.115,1575,0.098,484,0.03,489,0.03,45811,59453,12950,0.805,64158,4030,0.251,14166,1426,0.089,17037,1373,0.085,7842,513,0.032,3550,5342,0.332,8556,712,0.083,364,0.043,1261,0.147,902,0.105,1380,0.161,1339,0.156,980,0.115,875,0.102,416,0.049,327,0.038,46149,64839,23744,7530,40952,51212,26019,39330,38646,43436,38114,0.877,19321,0.445,21437,0.494,5322,0.123,7657,0.176282346,236,0.005433281,30728,0.707431624,24212,0.55741781,21748,0.500690671,18563,0.854,12942,0.595,6144,0.283,3185,0.146,2464,0.056727139,1828,0.742,480,0.195,1470,0.597,636,0.258,6516,0.150013813,5285,0.811,1620,0.249,3959,0.608,1231,0.189,0.2,0.303,0.03,0.078,0.096,0.016,0.368,0.53,0.099,0.228,0.335,0.335,0.237,0.378,0.206,0.197,0.259,0.207,0.284
10044,1222500,10490,5717,0.545,5717,0.545,5371,0.512,346,0.033,0,0,4773,0.455,0.061,5851,3101,0.53,3101,0.53,2925,0.5,759,408,0.538,623,119,0.191,5361,260,0.048,14,0.003,4376,0.816,288,0.054,336,0.063,87,0.016,38.5,5371,4287,0.798,307,0.057,630,0.117,6,0.001,141,0.026,5371,0,0,49,0.009,176,0.033,119,0.022,170,0.032,143,0.027,244,0.045,599,0.112,776,0.144,1844,0.343,298,0.055,229,0.043,724,0.135,5371,4131,0.769,1074,0.2,166,0.031,0,0,4790,373,0.078,212,0.044,112,0.023,316,0.066,247,0.052,809,0.169,586,0.122,916,0.191,452,0.094,767,0.16,86483,116564,3934,0.821,122367,882,0.184,20879,598,0.125,24966,368,0.077,6602,131,0.027,7862,543,0.113,2378,88,0.037,27,0.011,65,0.027,87,0.037,117,0.049,280,0.118,341,0.143,515,0.217,413,0.174,445,0.187,115417,140584,49076,2412,63488,92558,62620,112727,67929,10275,9427,0.917,7838,0.763,1993,0.194,848,0.083,1473,0.143357664,8,0.000778589,7368,0.717080292,5215,0.507542579,4893,0.47620438,4459,0.911,4334,0.886,129,0.026,434,0.089,322,0.0313382,195,0.606,145,0.45,50,0.155,127,0.394,2153,0.209537713,1900,0.882,1438,0.668,467,0.217,253,0.118,0.061,0.087,0,0.025,0.03,0,0.176,0.468,0,0.144,0.056,0.056,0,0.103,0.158,0.164,0.13,0.056,0.309
10065,1933087.5,26159,19101,0.73,19081,0.729,18415,0.704,666,0.025,20,0.001,7058,0.27,0.035,15150,9988,0.659,9988,0.659,9626,0.635,2225,1612,0.724,1839,1224,0.666,18085,1425,0.079,265,0.015,6803,0.376,6659,0.368,1367,0.076,1566,0.087,25.7,18415,13223,0.718,898,0.049,3996,0.217,113,0.006,185,0.01,18415,0,0,178,0.01,500,0.027,783,0.043,1346,0.073,296,0.016,1223,0.066,4469,0.243,3203,0.174,4376,0.238,1276,0.069,501,0.027,264,0.014,18415,15878,0.862,869,0.047,1579,0.086,89,0.005,16468,734,0.045,209,0.013,665,0.04,711,0.043,1160,0.07,2065,0.125,1351,0.082,2600,0.158,1512,0.092,5461,0.332,118310,220482,13507,0.82,218467,4085,0.248,22446,1527,0.093,45604,320,0.019,9039,123,0.007,9146,330,0.02,6587,62,0.009,19,0.003,62,0.009,173,0.026,220,0.033,304,0.046,321,0.049,978,0.148,697,0.106,3751,0.569,215282,356286,122657,9881,81982,128292,83911,135154,83318,29981,29022,0.968,26210,0.874,6918,0.231,959,0.032,4071,0.135785998,129,0.004302725,19734,0.658216871,17123,0.571128381,16505,0.550515326,16041,0.972,15646,0.948,455,0.028,464,0.028,618,0.020613055,460,0.744,363,0.587,98,0.159,158,0.256,2611,0.087088489,2430,0.931,2116,0.81,445,0.17,181,0.069,0.01,0.004,0,0.001,0.001,0,0.05,0.022,0,0.046,0.003,0.003,0.001,0.004,0.053,0.049,0.065,0.009,0.099
10069,3149634,4171,3412,0.818,3412,0.818,3214,0.771,198,0.047,0,0,759,0.182,0.058,2170,1736,0.8,1736,0.8,1686,0.777,589,350,0.594,491,335,0.682,3214,138,0.043,30,0.009,2171,0.675,332,0.103,346,0.108,197,0.061,30.1,3214,2271,0.707,125,0.039,818,0.255,0,0,0,0,3214,0,0,44,0.014,56,0.017,29,0.009,193,0.06,24,0.007,143,0.044,998,0.311,758,0.236,706,0.22,144,0.045,79,0.025,40,0.012,3214,2871,0.893,127,0.04,216,0.067,0,0,2629,181,0.069,24,0.009,97,0.037,142,0.054,128,0.049,126,0.048,165,0.063,380,0.145,345,0.131,1041,0.396,155702,243812,2304,0.876,249091,242,0.092,10591,183,0.07,51114,26,0.01,0,23,0.009,0,92,0.035,1220,29,0.024,0,0,24,0.02,16,0.013,0,0,105,0.086,0,0,203,0.166,99,0.081,744,0.61,0,345467,122444,1409,100994,155792,101995,156605,100160,5231,5052,0.966,4845,0.926,491,0.094,179,0.034,1080,0.20646148,0,0,3911,0.747658192,3352,0.640795259,3195,0.610781877,3106,0.972,3080,0.964,111,0.035,89,0.028,157,0.030013382,82,0.522,82,0.522,24,0.153,75,0.478,559,0.106862933,544,0.973,544,0.973,49,0.088,15,0.027,0.037,0.027,0,0.015,0.029,0,0.128,0,0,0.091,0.062,0.062,0.071,0.054,0.098,0.082,0.354,0.053,0.171
10075,1527000,20853,14566,0.699,14566,0.699,13975,0.67,591,0.028,0,0,6287,0.301,0.041,11802,7575,0.642,7575,0.642,7348,0.623,1089,737,0.677,1828,1461,0.799,13922,1324,0.095,246,0.018,7421,0.533,2405,0.173,1469,0.106,1057,0.076,28.3,13975,9304,0.666,817,0.058,3278,0.235,361,0.026,215,0.015,13975,0,0,279,0.02,585,0.042,675,0.048,679,0.049,92,0.007,702,0.05,3619,0.259,3098,0.222,2544,0.182,978,0.07,309,0.022,415,0.03,13975,12053,0.862,966,0.069,956,0.068,0,0,12766,337,0.026,306,0.024,840,0.066,634,0.05,618,0.048,1479,0.116,1638,0.128,1906,0.149,1368,0.107,3640,0.285,114481,204044,10410,0.815,189959,3648,0.286,23691,2025,0.159,58307,236,0.018,11992,71,0.006,0,465,0.036,5402,82,0.015,0,0,277,0.051,101,0.019,99,0.018,297,0.055,650,0.12,954,0.177,519,0.096,2423,0.449,168526,310809,113474,7364,85249,124403,83235,120139,85422,23030,22317,0.969,20406,0.886,5322,0.231,713,0.031,2917,0.126660877,0,0,14602,0.634042553,12681,0.550629614,12230,0.531046461,11976,0.979,11818,0.966,322,0.026,254,0.021,451,0.019583152,186,0.412,184,0.408,2,0.004,265,0.588,1921,0.08341294,1779,0.926,1647,0.857,187,0.097,142,0.074,0.047,0.089,0,0.049,0.121,0,0.041,0,0,0.075,0.104,0.104,0,0.144,0.071,0.064,0.091,0.057,0.105
10128,1655044,54292,39585,0.729,39513,0.728,37735,0.695,1778,0.033,72,0.001,14707,0.271,0.045,31525,21704,0.688,21704,0.688,20696,0.656,4109,2843,0.692,5471,3302,0.604,37251,1974,0.053,814,0.022,24211,0.65,4486,0.12,2488,0.067,3278,0.088,34.2,37735,26695,0.707,2366,0.063,7587,0.201,486,0.013,601,0.016,37735,0,0,401,0.011,755,0.02,1034,0.027,1872,0.05,809,0.021,2630,0.07,8460,0.224,7765,0.206,8923,0.236,2457,0.065,1336,0.035,1293,0.034,37735,31387,0.832,2898,0.077,3390,0.09,60,0.002,32151,1561,0.049,677,0.021,1884,0.059,1398,0.043,2407,0.075,3895,0.121,3731,0.116,5607,0.174,2908,0.09,8083,0.251,103817,176063,26235,0.816,175055,7950,0.247,21319,4584,0.143,46550,1090,0.034,10121,325,0.01,5233,1607,0.05,14118,306,0.022,103,0.007,530,0.038,331,0.023,820,0.058,855,0.061,1139,0.081,2443,0.173,1328,0.094,6263,0.444,167868,270616,92067,18033,75499,101374,71399,103504,74778,62916,60538,0.962,52746,0.838,14647,0.233,2378,0.038,9612,0.152775129,143,0.002272872,42771,0.679811177,36154,0.574639201,34461,0.547730307,33119,0.961,31850,0.924,1559,0.045,1342,0.039,1693,0.026908894,1217,0.719,1011,0.597,258,0.152,476,0.281,6617,0.105171975,6220,0.94,5002,0.756,1747,0.264,397,0.06,0.042,0.05,0,0.018,0.022,0,0.147,0.16,0,0.067,0.052,0.052,0.021,0.07,0.07,0.067,0.083,0.045,0.103
10280,835000,7849,6550,0.835,6550,0.835,6277,0.8,273,0.035,0,0,1299,0.165,0.042,4052,3169,0.782,3169,0.782,3048,0.752,1023,638,0.624,1070,812,0.759,6252,489,0.078,63,0.01,3249,0.52,1738,0.278,373,0.06,340,0.054,31.2,6277,4914,0.783,355,0.057,919,0.146,51,0.008,38,0.006,6277,0,0,17,0.003,99,0.016,88,0.014,320,0.051,84,0.013,457,0.073,1846,0.294,1893,0.302,1040,0.166,244,0.039,70,0.011,119,0.019,6277,5403,0.861,507,0.081,367,0.058,0,0,4800,212,0.044,45,0.009,78,0.016,113,0.024,234,0.049,391,0.081,401,0.084,975,0.203,545,0.114,1806,0.376,146875,205169,4396,0.916,210785,459,0.096,23962,228,0.048,31196,68,0.014,0,14,0.003,0,48,0.01,2337,0,0,30,0.013,63,0.027,45,0.019,55,0.024,182,0.078,112,0.048,306,0.131,257,0.11,1287,0.551,203330,261287,101003,2463,116114,151821,100271,129583,98750,9845,9371,0.952,8889,0.903,1192,0.121,474,0.048,2093,0.212595226,129,0.013103098,7029,0.71396648,6221,0.631894363,5948,0.604164551,5743,0.966,5641,0.948,225,0.038,205,0.034,273,0.027729812,200,0.733,183,0.67,17,0.062,73,0.267,808,0.082072118,741,0.917,712,0.881,29,0.036,67,0.083,0.04,0.069,0.035,0.015,0.026,0.038,0.27,0.339,0,0.058,0.047,0.047,0.02,0.064,0.061,0.054,0.127,0.033,0.108
10282,2754366,4069,3179,0.781,3179,0.781,3110,0.764,69,0.017,0,0,890,0.219,0.022,2183,1496,0.685,1496,0.685,1465,0.671,1015,610,0.601,584,410,0.702,2984,104,0.035,84,0.028,1315,0.441,1093,0.366,237,0.079,151,0.051,23.3,3110,2337,0.751,175,0.056,573,0.184,0,0,25,0.008,3110,0,0,0,0,45,0.014,0,0,116,0.037,13,0.004,188,0.06,1322,0.425,846,0.272,339,0.109,129,0.041,79,0.025,33,0.011,3110,2728,0.877,139,0.045,243,0.078,0,0,2434,121,0.05,13,0.005,25,0.01,59,0.024,55,0.023,124,0.051,157,0.065,309,0.127,114,0.047,1457,0.599,0,300988,2163,0.889,322751,248,0.102,16447,79,0.032,32085,0,0,0,13,0.005,0,51,0.021,1508,56,0.037,0,0,25,0.017,31,0.021,55,0.036,22,0.015,74,0.049,106,0.07,74,0.049,1065,0.706,0,346964,132007,926,140862,221487,157326,231915,161164,5635,5579,0.99,5349,0.949,357,0.063,56,0.01,1599,0.283762201,0,0,3752,0.665838509,3145,0.5581189,3076,0.545874002,3042,0.989,2993,0.973,49,0.016,34,0.011,69,0.012244898,69,1,69,1,0,0,0,0,607,0.10771961,585,0.964,585,0.964,0,0,22,0.036,0.054,0.062,0,0.014,0,0,0.162,0.212,0,0.048,0.034,0.034,0,0.081,0.053,0.032,0.335,0.034,0.1
